borrower_id,borrower_name,email,phone
1,Alice Johnson,alice.johnson@email.com,5551234567
2,Bob Smith,bob.smith@email.com,5552345678
3,Carol Williams,carol.williams@email.com,5553456789
4,David Brown,david.brown@email.com,5554567890
5,Eva Martinez,eva.martinez@email.com,5555678901
6,Frank Davis,frank.davis@email.com,5556789012
7,Grace Lee,grace.lee@email.com,5557890123
8,Henry Wilson,henry.wilson@email.com,5558901234
9,Iris Taylor,iris.taylor@email.com,5559012345
10,Jack Anderson,jack.anderson@email.com,5550123456
11,Karen Thomas,karen.thomas@email.com,5551112222
12,Liam Jackson,liam.jackson@email.com,5552223333
13,Mia White,mia.white@email.com,5553334444
14,Noah Harris,noah.harris@email.com,5554445555
15,Olivia Martin,olivia.martin@email.com,5555556666
16,Peter Thompson,peter.thompson@email.com,5556667777
17,Quinn Garcia,quinn.garcia@email.com,5557778888
18,Rachel Martinez,rachel.martinez@email.com,5558889999
19,Samuel Robinson,samuel.robinson@email.com,5559990000
20,Tina Clark,tina.clark@email.com,5550001111
21,Umar Lewis,umar.lewis@email.com,5551230000
22,Vera Lee,vera.lee@email.com,5552341111
23,Walter Hall,walter.hall@email.com,5553452222
24,Xena Allen,xena.allen@email.com,5554563333
25,Yusuf Young,yusuf.young@email.com,5555674444
26,Zoe King,zoe.king@email.com,5556785555
27,Aaron Scott,aaron.scott@email.com,5557896666
28,Bella Green,bella.green@email.com,5558907777
29,Carlos Adams,carlos.adams@email.com,5559018888
30,Diana Baker,diana.baker@email.com,5550129999
